[
  {
    "id": "1756825928472",
    "nome": "Cookie",
    "preco": 10,
    "descricao": "cookie de chocolate",
    "categoria": "Geral",
    "imagem": "https://drive.google.com/file/d/13tLu4dTQhlo0uPS8qvEkcRrW0eLsbM1W/view?usp=sharing",
    "createdAt": "2025-09-02T15:12:08.472Z",
    "updatedAt": "2025-09-02T15:16:24.499Z"
  },
  {
    "id": "1756826004196",
    "nome": "Bolo de chocolate com morango",
    "preco": 49.9,
    "descricao": "Bolo de chocolate:\nmassa de chocolate \nrecheio de chocolate com morango",
    "categoria": "Geral",
    "imagem": "https://drive.google.com/file/d/1tCz39GuUpIb6e8QxvFVJoTM-_-BMQVVj/view?usp=sharing",
    "createdAt": "2025-09-02T15:13:24.196Z",
    "updatedAt": "2025-09-02T15:15:59.253Z"
  },
  {
    "id": "1756830145316",
    "nome": "Brownie",
    "preco": 7.9,
    "descricao": "Brownie de chocolate recheado de nutella",
    "categoria": "Geral",
    "imagem": "https://pratofundo.com/wp-content/uploads/receita-brownie-brigadeiro048-2.jpg",
    "createdAt": "2025-09-02T16:22:25.316Z",
    "updatedAt": "2025-09-02T16:22:25.316Z"
  },
  {
    "id": "1756831177066",
    "nome": "Iphone 15",
    "preco": 6000,
    "descricao": "",
    "categoria": "Eletrônicos",
    "imagem": "https://drive.google.com/file/d/19XK5pKxebj_6V6zYZVggRc4lG0SG5Kcz/view?usp=sharing",
    "createdAt": "2025-09-02T16:39:37.066Z",
    "updatedAt": "2025-09-02T16:39:58.363Z"
  },
  {
    "id": "1756831614684",
    "nome": "Suéter feminino",
    "preco": 49.9,
    "descricao": "Suéter feminino amarelo",
    "categoria": "Geral",
    "imagem": "https://drive.google.com/file/d/1sXB_rh4Z1hAco6yVzKE6ppfq9QGTMb0i/view?usp=sharing",
    "createdAt": "2025-09-02T16:46:54.684Z",
    "updatedAt": "2025-09-02T16:46:54.684Z"
  },
  {
    "id": "1756831713746",
    "nome": "Fone de ouvido",
    "preco": 210.38,
    "descricao": "",
    "categoria": "Eletrônicos",
    "imagem": "https://drive.google.com/file/d/1SgGcvC7AvBenJ5bSlGJibc03nTyMj-9T/view?usp=sharing",
    "createdAt": "2025-09-02T16:48:33.746Z",
    "updatedAt": "2025-09-02T16:48:33.746Z"
  },
  {
    "id": "1756831769417",
    "nome": "Carregador portátil",
    "preco": 58.9,
    "descricao": "",
    "categoria": "Eletrônicos",
    "imagem": "https://drive.google.com/file/d/1-LG2kE-WUQjwM4BZwxo7UVi4kD5_MqIu/view?usp=sharing",
    "createdAt": "2025-09-02T16:49:29.417Z",
    "updatedAt": "2025-09-02T16:57:28.106Z"
  },
  {
    "id": "1756831986106",
    "nome": "Moletom",
    "preco": 120,
    "descricao": "",
    "categoria": "Roupas",
    "imagem": "https://drive.google.com/file/d/1J728j_yK2xO4M8J7YKm8NKmCwGwEdzSK/view?usp=sharing",
    "createdAt": "2025-09-02T16:53:06.106Z",
    "updatedAt": "2025-09-02T16:53:06.106Z"
  },
  {
    "id": "1756832061138",
    "nome": "Calça",
    "preco": 150,
    "descricao": "",
    "categoria": "Roupas",
    "imagem": "https://drive.google.com/file/d/1U6sEPJ6aNtEiqsP9mylX1_aEHP7R0os9/view?usp=sharing",
    "createdAt": "2025-09-02T16:54:21.138Z",
    "updatedAt": "2025-09-02T16:54:21.138Z"
  },
  {
    "id": "1756832152985",
    "nome": "Abajur de mesa",
    "preco": 90,
    "descricao": "",
    "categoria": "Casa",
    "imagem": "https://drive.google.com/file/d/1gzuRNO3xcokpjReKX4EK6Nd7Ws5yISMH/view?usp=sharing",
    "createdAt": "2025-09-02T16:55:52.985Z",
    "updatedAt": "2025-09-02T16:58:01.875Z"
  }
]